fpr,tpr
0.000000000000000000e+00,0.000000000000000000e+00
0.000000000000000000e+00,4.796163069544364180e-03
0.000000000000000000e+00,8.393285371702637748e-03
0.000000000000000000e+00,1.199040767386091132e-02
0.000000000000000000e+00,1.258992805755395662e-02
0.000000000000000000e+00,1.498800959232613958e-02
0.000000000000000000e+00,1.558752997601918489e-02
0.000000000000000000e+00,1.678657074340527550e-02
0.000000000000000000e+00,1.918465227817745672e-02
0.000000000000000000e+00,2.098321342925659611e-02
0.000000000000000000e+00,2.577937649880095855e-02
0.000000000000000000e+00,2.637889688249400386e-02
0.000000000000000000e+00,2.817745803357313977e-02
0.000000000000000000e+00,2.937649880095923385e-02
0.000000000000000000e+00,2.997601918465227916e-02
0.000000000000000000e+00,3.117505995203836977e-02
0.000000000000000000e+00,3.297362110311750916e-02
0.000000000000000000e+00,3.537170263788969038e-02
0.000000000000000000e+00,3.717026378896882283e-02
0.000000000000000000e+00,3.836930455635491344e-02
0.000000000000000000e+00,4.196642685851319221e-02
0.000000000000000000e+00,4.436450839328537343e-02
0.000000000000000000e+00,4.796163069544364527e-02
0.000000000000000000e+00,5.035971223021582649e-02
0.000000000000000000e+00,5.215827338129496588e-02
0.000000000000000000e+00,5.575539568345323771e-02
0.000000000000000000e+00,5.695443645083932832e-02
0.000000000000000000e+00,5.755395683453237710e-02
0.000000000000000000e+00,5.875299760191846771e-02
0.000000000000000000e+00,6.175059952038369077e-02
0.000000000000000000e+00,6.534772182254196260e-02
0.000000000000000000e+00,6.774580335731414382e-02
0.000000000000000000e+00,6.894484412470024137e-02
0.000000000000000000e+00,7.074340527577938076e-02
0.000000000000000000e+00,7.194244604316546443e-02
0.000000000000000000e+00,7.314148681055156198e-02
0.000000000000000000e+00,7.434052757793764565e-02
0.000000000000000000e+00,7.613908872901678504e-02
0.000000000000000000e+00,7.733812949640288259e-02
0.000000000000000000e+00,7.973621103117506381e-02
0.000000000000000000e+00,8.273381294964028687e-02
0.000000000000000000e+00,8.513189448441246809e-02
0.000000000000000000e+00,8.693045563549160748e-02
0.000000000000000000e+00,8.812949640287769115e-02
0.000000000000000000e+00,8.872901678657074687e-02
0.000000000000000000e+00,8.992805755395683054e-02
0.000000000000000000e+00,9.352517985611510931e-02
0.000000000000000000e+00,9.592326139088729053e-02
0.000000000000000000e+00,9.712230215827338808e-02
0.000000000000000000e+00,9.892086330935251359e-02
0.000000000000000000e+00,1.001199040767386111e-01
0.000000000000000000e+00,1.019184652278177505e-01
0.000000000000000000e+00,1.037170263788968760e-01
0.000000000000000000e+00,1.061151079136690711e-01
0.000000000000000000e+00,1.073141486810551548e-01
0.000000000000000000e+00,1.079136690647481966e-01
0.000000000000000000e+00,1.091127098321342942e-01
0.000000000000000000e+00,1.097122302158273360e-01
0.000000000000000000e+00,1.109112709832134336e-01
0.000000000000000000e+00,1.115107913669064754e-01
0.000000000000000000e+00,1.139088729016786566e-01
0.000000000000000000e+00,1.157074340527577960e-01
0.000000000000000000e+00,1.175059952038369354e-01
0.000000000000000000e+00,1.193045563549160609e-01
0.000000000000000000e+00,1.205035971223021585e-01
0.000000000000000000e+00,1.229016786570743397e-01
0.000000000000000000e+00,1.241007194244604372e-01
0.000000000000000000e+00,1.247002398081534791e-01
0.000000000000000000e+00,1.264988009592326046e-01
0.000000000000000000e+00,1.288968824940047997e-01
0.000000000000000000e+00,1.300959232613908834e-01
0.000000000000000000e+00,1.312949640287769670e-01
0.000000000000000000e+00,1.336930455635491621e-01
0.000000000000000000e+00,1.378896882494004827e-01
0.000000000000000000e+00,1.390887290167865664e-01
0.000000000000000000e+00,1.402877697841726501e-01
0.000000000000000000e+00,1.420863309352518034e-01
0.000000000000000000e+00,1.444844124700239707e-01
0.000000000000000000e+00,1.462829736211031240e-01
0.000000000000000000e+00,1.468824940047961658e-01
0.000000000000000000e+00,1.492805755395683331e-01
0.000000000000000000e+00,1.504796163069544446e-01
0.000000000000000000e+00,1.522781774580335701e-01
0.000000000000000000e+00,1.582733812949640162e-01
0.000000000000000000e+00,1.600719424460431695e-01
0.000000000000000000e+00,1.624700239808153368e-01
0.000000000000000000e+00,1.636690647482014482e-01
0.000000000000000000e+00,1.648681055155875319e-01
0.000000000000000000e+00,1.684652278177458107e-01
0.000000000000000000e+00,1.732613908872901731e-01
0.000000000000000000e+00,1.744604316546762568e-01
0.000000000000000000e+00,1.756594724220623405e-01
0.000000000000000000e+00,1.768585131894484519e-01
0.000000000000000000e+00,1.792565947242206192e-01
0.000000000000000000e+00,1.816546762589928143e-01
0.000000000000000000e+00,1.840527577937649817e-01
0.000000000000000000e+00,1.858513189448441350e-01
0.000000000000000000e+00,1.870503597122302186e-01
0.000000000000000000e+00,1.888489208633093441e-01
0.000000000000000000e+00,1.936450839328537066e-01
0.000000000000000000e+00,1.954436450839328598e-01
0.000000000000000000e+00,1.966426858513189435e-01
0.000000000000000000e+00,1.984412470023980690e-01
0.000000000000000000e+00,1.990407673860911386e-01
0.000000000000000000e+00,2.002398081534772223e-01
0.000000000000000000e+00,2.008393285371702641e-01
0.000000000000000000e+00,2.038369304556355011e-01
0.000000000000000000e+00,2.056354916067146266e-01
0.000000000000000000e+00,2.062350119904076684e-01
0.000000000000000000e+00,2.080335731414868217e-01
0.000000000000000000e+00,2.092326139088729053e-01
0.000000000000000000e+00,2.098321342925659472e-01
0.000000000000000000e+00,2.110311750599520308e-01
0.000000000000000000e+00,2.116306954436450727e-01
0.000000000000000000e+00,2.128297362110311841e-01
0.000000000000000000e+00,2.140287769784172678e-01
0.000000000000000000e+00,2.152278177458033515e-01
0.000000000000000000e+00,2.170263788968825047e-01
0.000000000000000000e+00,2.188249400479616302e-01
0.000000000000000000e+00,2.200239808153477139e-01
0.000000000000000000e+00,2.218225419664268672e-01
0.000000000000000000e+00,2.224220623501199090e-01
0.000000000000000000e+00,2.260191846522781878e-01
0.000000000000000000e+00,2.290167865707433970e-01
0.000000000000000000e+00,2.308153477218225502e-01
0.000000000000000000e+00,2.320143884892086339e-01
0.000000000000000000e+00,2.362110311750599545e-01
0.000000000000000000e+00,2.386091127098321218e-01
0.000000000000000000e+00,2.392086330935251914e-01
0.000000000000000000e+00,2.416067146282973588e-01
0.000000000000000000e+00,2.440047961630695539e-01
0.000000000000000000e+00,2.458033573141486794e-01
0.000000000000000000e+00,2.470023980815347631e-01
0.000000000000000000e+00,2.476019184652278049e-01
0.000000000000000000e+00,2.500000000000000000e-01
0.000000000000000000e+00,2.505995203836930418e-01
0.000000000000000000e+00,2.541966426858512929e-01
0.000000000000000000e+00,2.553956834532374320e-01
0.000000000000000000e+00,2.559952038369304739e-01
0.000000000000000000e+00,2.583932853717026412e-01
0.000000000000000000e+00,2.589928057553956831e-01
0.000000000000000000e+00,2.607913669064748086e-01
0.000000000000000000e+00,2.649880095923261569e-01
0.000000000000000000e+00,2.661870503597122406e-01
0.000000000000000000e+00,2.679856115107913661e-01
0.000000000000000000e+00,2.715827338129496171e-01
0.000000000000000000e+00,2.721822541966426590e-01
0.000000000000000000e+00,2.733812949640287981e-01
0.000000000000000000e+00,2.751798561151079237e-01
0.000000000000000000e+00,2.763788968824940073e-01
0.000000000000000000e+00,2.775779376498800910e-01
0.000000000000000000e+00,2.787769784172661747e-01
0.000000000000000000e+00,2.823741007194244812e-01
0.000000000000000000e+00,2.859712230215827322e-01
0.000000000000000000e+00,2.865707434052757741e-01
0.000000000000000000e+00,2.877697841726618577e-01
0.000000000000000000e+00,2.895683453237409832e-01
0.000000000000000000e+00,2.931654676258992898e-01
0.000000000000000000e+00,2.961630695443644989e-01
0.000000000000000000e+00,2.967625899280575408e-01
0.000000000000000000e+00,2.985611510791366663e-01
0.000000000000000000e+00,2.997601918465228055e-01
0.000000000000000000e+00,3.009592326139088891e-01
0.000000000000000000e+00,3.015587529976019310e-01
0.000000000000000000e+00,3.075539568345323493e-01
0.000000000000000000e+00,3.087529976019184885e-01
0.000000000000000000e+00,3.111510791366906559e-01
0.000000000000000000e+00,3.117505995203836977e-01
0.000000000000000000e+00,3.129496402877697814e-01
0.000000000000000000e+00,3.147482014388489069e-01
0.000000000000000000e+00,3.159472422062349906e-01
0.000000000000000000e+00,3.171462829736211297e-01
0.000000000000000000e+00,3.183453237410072134e-01
0.000000000000000000e+00,3.195443645083932971e-01
0.000000000000000000e+00,3.201438848920863389e-01
0.000000000000000000e+00,3.237410071942445899e-01
0.000000000000000000e+00,3.267386091127098546e-01
0.000000000000000000e+00,3.279376498800959383e-01
0.000000000000000000e+00,3.285371702637889801e-01
0.000000000000000000e+00,3.297362110311750638e-01
0.000000000000000000e+00,3.309352517985611475e-01
0.000000000000000000e+00,3.321342925659472312e-01
0.000000000000000000e+00,3.333333333333333148e-01
0.000000000000000000e+00,3.405275779376498724e-01
0.000000000000000000e+00,3.423261390887289979e-01
0.000000000000000000e+00,3.459232613908873044e-01
0.000000000000000000e+00,3.471223021582733881e-01
0.000000000000000000e+00,3.489208633093525136e-01
0.000000000000000000e+00,3.501199040767385973e-01
0.000000000000000000e+00,3.519184652278177228e-01
0.000000000000000000e+00,3.525179856115107646e-01
0.000000000000000000e+00,3.537170263788969038e-01
0.000000000000000000e+00,3.549160671462829875e-01
0.000000000000000000e+00,3.573141486810551548e-01
0.000000000000000000e+00,3.597122302158273222e-01
0.000000000000000000e+00,3.621103117505995450e-01
0.000000000000000000e+00,3.633093525179856287e-01
0.000000000000000000e+00,3.645083932853717124e-01
0.000000000000000000e+00,3.669064748201438797e-01
0.000000000000000000e+00,3.687050359712230052e-01
0.000000000000000000e+00,3.693045563549160470e-01
0.000000000000000000e+00,3.705035971223021307e-01
0.000000000000000000e+00,3.723021582733813117e-01
0.000000000000000000e+00,3.747002398081534791e-01
0.000000000000000000e+00,3.752997601918465209e-01
0.000000000000000000e+00,3.770983213429256464e-01
0.000000000000000000e+00,3.776978417266186883e-01
0.000000000000000000e+00,3.794964028776978693e-01
0.000000000000000000e+00,3.818944844124700366e-01
0.000000000000000000e+00,3.866906474820143713e-01
0.000000000000000000e+00,3.872901678657074132e-01
0.000000000000000000e+00,3.890887290167865942e-01
0.000000000000000000e+00,3.902877697841726778e-01
0.000000000000000000e+00,3.926858513189448452e-01
0.000000000000000000e+00,3.962829736211030962e-01
0.000000000000000000e+00,3.968824940047961380e-01
0.000000000000000000e+00,3.986810551558753191e-01
0.000000000000000000e+00,4.010791366906474864e-01
0.000000000000000000e+00,4.016786570743405282e-01
0.000000000000000000e+00,4.034772182254196538e-01
0.000000000000000000e+00,4.046762589928057374e-01
0.000000000000000000e+00,4.064748201438849184e-01
0.000000000000000000e+00,4.076738609112710021e-01
0.000000000000000000e+00,4.094724220623501276e-01
0.000000000000000000e+00,4.112709832134292531e-01
0.000000000000000000e+00,4.136690647482014205e-01
0.000000000000000000e+00,4.148681055155875042e-01
0.000000000000000000e+00,4.184652278177458107e-01
0.000000000000000000e+00,4.196642685851318944e-01
0.000000000000000000e+00,4.262589928057554101e-01
0.000000000000000000e+00,4.298561151079136611e-01
0.000000000000000000e+00,4.304556354916067029e-01
0.000000000000000000e+00,4.424460431654676507e-01
0.000000000000000000e+00,4.454436450839328598e-01
0.000000000000000000e+00,4.472422062350119853e-01
0.000000000000000000e+00,4.478417266187050272e-01
0.000000000000000000e+00,4.496402877697841527e-01
0.000000000000000000e+00,4.538369304556355011e-01
0.000000000000000000e+00,4.550359712230215847e-01
0.000000000000000000e+00,4.556354916067146266e-01
0.000000000000000000e+00,4.568345323741007102e-01
0.000000000000000000e+00,4.586330935251798357e-01
0.000000000000000000e+00,4.610311750599520586e-01
0.000000000000000000e+00,4.628297362110311841e-01
0.000000000000000000e+00,4.640287769784172678e-01
0.000000000000000000e+00,4.664268585131894351e-01
0.000000000000000000e+00,4.676258992805755188e-01
0.000000000000000000e+00,4.718225419664268672e-01
0.000000000000000000e+00,4.736211031175059927e-01
0.000000000000000000e+00,4.802158273381295084e-01
0.000000000000000000e+00,4.826139088729016757e-01
0.000000000000000000e+00,4.838129496402877594e-01
0.000000000000000000e+00,4.874100719424460659e-01
0.000000000000000000e+00,4.886091127098321496e-01
0.000000000000000000e+00,4.898081534772182333e-01
0.000000000000000000e+00,4.904076738609112751e-01
0.000000000000000000e+00,4.922062350119904006e-01
0.000000000000000000e+00,4.934052757793764843e-01
0.000000000000000000e+00,4.952038369304556098e-01
0.000000000000000000e+00,4.958033573141487071e-01
0.000000000000000000e+00,4.976019184652278327e-01
0.000000000000000000e+00,4.982014388489208745e-01
0.000000000000000000e+00,4.994004796163069582e-01
0.000000000000000000e+00,5.011990407673860837e-01
0.000000000000000000e+00,5.023980815347721673e-01
0.000000000000000000e+00,5.041966426858512929e-01
0.000000000000000000e+00,5.053956834532373765e-01
0.000000000000000000e+00,5.059952038369304184e-01
0.000000000000000000e+00,5.083932853717025857e-01
0.000000000000000000e+00,5.095923261390887804e-01
0.000000000000000000e+00,5.107913669064748641e-01
0.000000000000000000e+00,5.119904076738609477e-01
0.000000000000000000e+00,5.137889688249400733e-01
0.000000000000000000e+00,5.155875299760191988e-01
0.000000000000000000e+00,5.179856115107913661e-01
0.000000000000000000e+00,5.197841726618704916e-01
0.000000000000000000e+00,5.209832134292565753e-01
0.000000000000000000e+00,5.215827338129496171e-01
0.000000000000000000e+00,5.227817745803357008e-01
0.000000000000000000e+00,5.245803357314148263e-01
0.000000000000000000e+00,5.257793764988009100e-01
0.000000000000000000e+00,5.281774580335731883e-01
0.000000000000000000e+00,5.293764988009592720e-01
0.000000000000000000e+00,5.299760191846523139e-01
0.000000000000000000e+00,5.311750599520383975e-01
0.000000000000000000e+00,5.329736211031175230e-01
0.000000000000000000e+00,5.347721822541966485e-01
0.000000000000000000e+00,5.359712230215827322e-01
0.000000000000000000e+00,5.371702637889688159e-01
0.000000000000000000e+00,5.383693045563548996e-01
0.000000000000000000e+00,5.395683453237409832e-01
0.000000000000000000e+00,5.413669064748201087e-01
0.000000000000000000e+00,5.419664268585131506e-01
0.000000000000000000e+00,5.437649880095922761e-01
0.000000000000000000e+00,5.443645083932853179e-01
0.000000000000000000e+00,5.455635491606715126e-01
0.000000000000000000e+00,5.485611510791367218e-01
0.000000000000000000e+00,5.521582733812949728e-01
0.000000000000000000e+00,5.527577937649880147e-01
0.000000000000000000e+00,5.539568345323740983e-01
0.000000000000000000e+00,5.581534772182253912e-01
0.000000000000000000e+00,5.605515587529975585e-01
0.000000000000000000e+00,5.623501199040766840e-01
0.000000000000000000e+00,5.635491606714628787e-01
0.000000000000000000e+00,5.653477218225420042e-01
0.000000000000000000e+00,5.683453237410072134e-01
0.000000000000000000e+00,5.695443645083932971e-01
0.000000000000000000e+00,5.767386091127097991e-01
0.000000000000000000e+00,5.791366906474819665e-01
0.000000000000000000e+00,5.821342925659472867e-01
0.000000000000000000e+00,5.833333333333333703e-01
0.000000000000000000e+00,5.851318944844124958e-01
0.000000000000000000e+00,5.875299760191846632e-01
0.000000000000000000e+00,5.887290167865707469e-01
0.000000000000000000e+00,5.911270983213429142e-01
0.000000000000000000e+00,5.929256594724220397e-01
0.000000000000000000e+00,5.941247002398081234e-01
0.000000000000000000e+00,5.953237410071942071e-01
0.000000000000000000e+00,6.025179856115108201e-01
0.000000000000000000e+00,6.043165467625899456e-01
0.000000000000000000e+00,6.067146282973621130e-01
0.000000000000000000e+00,6.121103117505994895e-01
0.000000000000000000e+00,6.145083932853716568e-01
0.000000000000000000e+00,6.151079136690646987e-01
0.000000000000000000e+00,6.163069544364508934e-01
0.000000000000000000e+00,6.175059952038369770e-01
0.000000000000000000e+00,6.187050359712230607e-01
0.000000000000000000e+00,6.211031175059952281e-01
0.000000000000000000e+00,6.223021582733813117e-01
0.000000000000000000e+00,6.235011990407673954e-01
0.000000000000000000e+00,6.252997601918465209e-01
0.000000000000000000e+00,6.264988009592326046e-01
0.000000000000000000e+00,6.276978417266186883e-01
0.000000000000000000e+00,6.300959232613908556e-01
0.000000000000000000e+00,6.420863309352518034e-01
0.000000000000000000e+00,6.432853717026378870e-01
0.000000000000000000e+00,6.462829736211030962e-01
0.000000000000000000e+00,6.480815347721822217e-01
0.000000000000000000e+00,6.504796163069543891e-01
0.000000000000000000e+00,6.522781774580336256e-01
0.000000000000000000e+00,6.534772182254197093e-01
0.000000000000000000e+00,6.558752997601918766e-01
0.000000000000000000e+00,6.570743405275779603e-01
0.000000000000000000e+00,6.576738609112710021e-01
0.000000000000000000e+00,6.588729016786570858e-01
0.000000000000000000e+00,6.594724220623501276e-01
0.000000000000000000e+00,6.612709832134292531e-01
0.000000000000000000e+00,6.636690647482014205e-01
0.000000000000000000e+00,6.660671462829735878e-01
0.000000000000000000e+00,6.678657074340527133e-01
0.000000000000000000e+00,6.690647482014387970e-01
0.000000000000000000e+00,6.762589928057554101e-01
0.000000000000000000e+00,6.774580335731414937e-01
0.000000000000000000e+00,6.810551558752997447e-01
0.000000000000000000e+00,6.858513189448440794e-01
0.000000000000000000e+00,6.888489208633093996e-01
0.000000000000000000e+00,6.912470023980815670e-01
0.000000000000000000e+00,6.948441247002398180e-01
0.000000000000000000e+00,6.960431654676259017e-01
0.000000000000000000e+00,7.014388489208632782e-01
0.000000000000000000e+00,7.026378896882493619e-01
0.000000000000000000e+00,7.128297362110311841e-01
0.000000000000000000e+00,7.146282973621103096e-01
0.000000000000000000e+00,7.272182254196642992e-01
0.000000000000000000e+00,7.284172661870503829e-01
0.000000000000000000e+00,7.290167865707434247e-01
0.000000000000000000e+00,7.302158273381295084e-01
0.000000000000000000e+00,7.326139088729016757e-01
0.000000000000000000e+00,7.338129496402877594e-01
0.000000000000000000e+00,7.523980815347721673e-01
0.000000000000000000e+00,7.535971223021582510e-01
0.000000000000000000e+00,7.679856115107913661e-01
0.000000000000000000e+00,7.691846522781774498e-01
0.000000000000000000e+00,7.787769784172662302e-01
0.000000000000000000e+00,7.799760191846523139e-01
0.000000000000000000e+00,7.823741007194244812e-01
0.000000000000000000e+00,7.835731414868105649e-01
0.000000000000000000e+00,9.796163069544364665e-01
1.390820584144645275e-03,9.796163069544364665e-01
1.390820584144645275e-03,9.832134292565947176e-01
2.781641168289290551e-03,9.832134292565947176e-01
2.781641168289290551e-03,9.940047961630695816e-01
4.172461752433936043e-03,9.940047961630695816e-01
4.172461752433936043e-03,9.952038369304556653e-01
5.563282336578581101e-03,9.952038369304556653e-01
5.563282336578581101e-03,9.964028776978417490e-01
6.954102920723227027e-03,9.964028776978417490e-01
6.954102920723227027e-03,9.970023980815347908e-01
8.344923504867872086e-03,9.970023980815347908e-01
8.344923504867872086e-03,9.982014388489208745e-01
1.112656467315716220e-02,9.982014388489208745e-01
1.112656467315716220e-02,9.994004796163069582e-01
1.529902642559109911e-02,9.994004796163069582e-01
1.529902642559109911e-02,1.000000000000000000e+00
1.000000000000000000e+00,1.000000000000000000e+00
